household_no,head_name,address,barangay,size,children_count,elderly_count,pwd_count,contact,lat,lng,notes
H-0001,Divina Bautista,"Purok 2, San Jose Street",BMA-Balagtas,6,2,0,0,09176773022,14.954616,120.952278,Two infants in household
H-0002,Benito Serrano,"Purok 2, Quezon Street",BMA-Balagtas,6,3,0,1,09172246884,14.958682,120.952551,
H-0003,Gregorio Mercado,"Purok 2, Jacinto Street",BMA-Balagtas,6,0,0,0,09178788190,14.954697,120.949263,
H-0004,Rogelio Gutierrez,"Purok 3, M.H. del Pilar Street",BMA-Balagtas,3,0,2,0,09174252716,14.95848,120.949423,Elderly resident living alone
H-0005,Luzviminda Mercado,"Purok 1, Katubusan Street",BMA-Balagtas,5,2,0,0,09174726463,14.955034,120.954631,Pregnant member
H-0006,Jonalyn Aquino,"Purok 2, Aguinaldo Street",BMA-Balagtas,6,0,0,0,09174325589,14.954745,120.949314,Assisted breathing device
H-0007,Ana Buenaventura,"Purok 1, Del Pilar Street",Banca-banca,3,0,0,0,09177211783,14.980799,120.976749,
H-0008,Reynaldo Espino,"Purok 5, Katubusan Street",Banca-banca,4,1,2,0,09177001601,14.982876,120.972108,
H-0009,Juan Domingo,"Purok 1, Del Pilar Street",Banca-banca,5,0,2,0,09173789977,14.982095,120.974307,
H-0010,Riza Aquino,"Purok 6, Del Pilar Street",Banca-banca,6,1,1,0,09175210492,14.978548,120.975306,
H-0011,Maria Tomas,"Purok 1, Liberation Street",Banca-banca,6,3,0,0,09179955436,14.981021,120.976446,Elderly resident living alone
H-0012,Reynaldo Yson,"Purok 1, M.H. del Pilar Street",Banca-banca,1,1,0,0,09170793447,14.977718,120.974923,Recently relocated from flood-prone area
H-0013,Rogelio Buenaventura,"Purok 5, Katubusan Street",Banca-banca,3,2,0,0,09177066298,14.980799,120.974496,
H-0014,Edwin Salazar,"Purok 5, Rizal Street",Caingin,3,0,1,0,09171006939,14.932756,120.956349,
H-0015,Mercedes Navarro,"Purok 3, San Jose Street",Caingin,4,0,0,0,09170232298,14.929211,120.954575,
H-0016,Cecilia Tomas,"Purok 6, Gov. Padilla Street",Caingin,1,0,0,0,09171529627,14.930721,120.956052,Assisted breathing device
H-0017,Maria Mercado,"Purok 4, Liberation Street",Caingin,8,3,0,0,09176826198,14.932975,120.954849,
H-0018,Jose Aquino,"Purok 1, Rizal Street",Caingin,4,0,0,0,09174289469,14.929271,120.956749,
H-0019,Nestor Carpio,"Purok 2, M. Hizon Street",Caingin,5,1,1,0,09172045070,14.931467,120.951913,No electricity connection
H-0020,Riza Mercado,"Purok 4, P. Burgos Street",Caingin,6,0,1,1,09176212388,14.930208,120.953344,
H-0021,Rogelio Mercado,"Purok 6, Del Pilar Street",Coral na Bato,6,3,1,0,09174962828,14.923577,120.993731,
H-0022,Andres Mendoza,"Purok 3, Jacinto Street",Coral na Bato,7,2,2,0,09174492730,14.924322,120.990885,
H-0023,Jonalyn Navarro,"Purok 6, P. Burgos Street",Coral na Bato,3,0,1,0,09172274019,14.926815,120.993529,
H-0024,Antonio Buenaventura,"Purok 5, Quezon Street",Coral na Bato,5,3,2,0,09171380895,14.923827,120.989151,
H-0025,Cecilia Mercado,"Purok 2, P. Burgos Street",Coral na Bato,7,1,1,1,09178278525,14.926505,120.992586,
H-0026,Lourdes Magpayo,"Purok 6, Del Pilar Street",Coral na Bato,1,0,1,0,09175824381,14.923591,120.991635,
H-0027,Corazon Alcantara,"Purok 1, Luna Street",Cruz na Daan,8,0,2,0,09178557414,14.99345,120.946347,
H-0028,Teresa Aquino,"Purok 3, Rizal Street",Cruz na Daan,4,1,0,1,09172491624,14.991467,120.948962,
H-0029,Nestor Torres,"Purok 6, Luna Street",Cruz na Daan,5,3,1,0,09175972682,14.993492,120.947143,Elderly resident living alone
H-0030,Liza Salazar,"Purok 2, Katubusan Street",Cruz na Daan,5,0,0,0,09171437236,14.990351,120.945736,Two infants in household
H-0031,Gregorio Salazar,"Purok 5, Gov. Padilla Street",Cruz na Daan,5,0,0,0,09173369935,14.990861,120.946371,
H-0032,Andres Santiago,"Purok 3, Jacinto Street",Cruz na Daan,5,3,1,0,09179353771,14.99125,120.94645,
H-0033,Marites Ramos,"Purok 4, Katubusan Street",Dagat-dagatan,7,3,0,0,09176946163,14.944953,120.929388,
H-0034,Elena Ocampo,"Purok 1, M. Hizon Street",Dagat-dagatan,4,3,0,0,09176070408,14.946559,120.933589,Pregnant member
H-0035,Mercedes Cruz,"Purok 1, Gov. Padilla Street",Dagat-dagatan,6,1,0,0,09176443532,14.94243,120.929916,
H-0036,Dante Espino,"Purok 3, Rizal Street",Dagat-dagatan,6,1,2,0,09178440607,14.946283,120.931018,
H-0037,Elena Ramos,"Purok 2, Burgos Street",Dagat-dagatan,3,3,0,0,09179110827,14.942044,120.929591,
H-0038,Andres Flores,"Purok 3, M. Hizon Street",Dagat-dagatan,8,2,1,0,09174996524,14.945878,120.929637,
H-0039,Lourdes Bautista,"Purok 2, San Jose Street",Dagat-dagatan,5,1,0,0,09170427880,14.943062,120.92926,
H-0040,Noli Villanueva,"Purok 1, M. Hizon Street",Diliman I,2,1,0,0,09179234322,14.969391,120.986045,No electricity connection
H-0041,Miguel Buenaventura,"Purok 2, Liberation Street",Diliman I,4,2,2,0,09175537457,14.969776,120.986196,
H-0042,Gloria Bautista,"Purok 3, Mabini Street",Diliman I,6,3,1,0,09175169258,14.97094,120.985819,Single income earner
H-0043,Antonio Pascual,"Purok 6, Gov. Padilla Street",Diliman I,3,3,0,0,09176688241,14.967135,120.985507,
H-0044,Mercedes Villanueva,"Purok 5, Liberation Street",Diliman I,1,1,0,0,09175970746,14.971806,120.987281,
H-0045,Dante Serrano,"Purok 4, Mabini Street",Diliman I,8,1,0,0,09170071895,14.972131,120.985806,Pregnant member
H-0046,Juan Tomas,"Purok 5, Del Pilar Street",Diliman I,3,2,1,0,09179650037,14.969459,120.98724,
H-0047,Ramon Marquez,"Purok 1, M.H. del Pilar Street",Diliman I,8,3,2,0,09173843257,14.971268,120.986654,
H-0048,Reynaldo Garcia,"Purok 1, Del Pilar Street",Diliman II,1,1,0,0,09178272701,14.973849,120.996467,
H-0049,Liza Aquino,"Purok 2, Bonifacio Street",Diliman II,7,3,2,0,09179236452,14.975732,120.994225,No electricity connection
H-0050,Gregorio Gonzales,"Purok 5, Liberation Street",Diliman II,3,0,1,0,09176004545,14.976023,120.994321,Pregnant member
H-0051,Teresa Flores,"Purok 6, Mabini Street",Diliman II,2,0,1,0,09177514061,14.973621,120.994012,
H-0052,Dante Reyes,"Purok 1, Mabini Street",Diliman II,7,3,2,0,09179321469,14.975787,120.998089,
H-0053,Maria Bautista,"Purok 1, Jacinto Street",Diliman II,3,1,2,0,09177768127,14.975014,120.995826,
H-0054,Miguel Reyes,"Purok 3, Rizal Street",Diliman II,4,1,2,0,09179480494,14.975351,120.996824,
H-0055,Marites Buenaventura,"Purok 6, Gov. Padilla Street",Capihan,5,3,2,0,09179301812,14.961382,120.943733,
H-0056,Edwin Manalo,"Purok 2, Aguinaldo Street",Capihan,4,3,0,0,09178640565,14.963352,120.942595,Elderly resident living alone
H-0057,Andres Manalo,"Purok 3, Gov. Padilla Street",Capihan,4,3,0,0,09174376761,14.962943,120.941493,
H-0058,Myra Ramos,"Purok 5, Quezon Street",Capihan,4,0,0,0,09174296371,14.961725,120.944679,
H-0059,Teresa Marquez,"Purok 1, M. Hizon Street",Capihan,3,3,0,0,09173241255,14.962121,120.944691,
H-0060,Nestor Tomas,"Purok 2, Gov. Padilla Street",Capihan,6,2,1,1,09171097259,14.958524,120.94148,
H-0061,Carlos Mercado,"Purok 4, San Jose Street",Libis,6,3,0,0,09175023226,14.959737,120.957418,
H-0062,Mario Aquino,"Purok 6, San Jose Street",Libis,3,2,1,0,09175883398,14.958961,120.953455,
H-0063,Marites Ong,"Purok 4, M. Hizon Street",Libis,4,1,0,0,09172200844,14.959673,120.955067,
H-0064,Pedro Santos,"Purok 2, P. Burgos Street",Libis,4,3,1,0,09179338671,14.961056,120.955188,
H-0065,Mercedes Ilustre,"Purok 5, Burgos Street",Libis,2,1,0,0,09179538276,14.962649,120.954706,Pregnant member
H-0066,Edwin Marquez,"Purok 1, Mabini Street",Libis,3,2,1,0,09179817320,14.958884,120.95493,
H-0067,Ana Bautista,"Purok 1, Jacinto Street",Libis,4,3,0,0,09175564559,14.961313,120.955614,Pregnant member
H-0068,Gregorio Navarro,"Purok 1, Liberation Street",Lico,3,1,1,0,09176963644,14.952574,120.971674,
H-0069,Isagani Ilustre,"Purok 2, Jacinto Street",Lico,7,2,0,0,09177062058,14.951726,120.969436,
H-0070,Noli Espino,"Purok 4, Jacinto Street",Lico,3,1,2,0,09175310022,14.950369,120.971303,Pregnant member
H-0071,Carlos Domingo,"Purok 6, Gov. Padilla Street",Lico,4,3,0,1,09172873606,14.951781,120.970381,
H-0072,Noli Cruz,"Purok 2, Burgos Street",Lico,4,0,1,0,09172708357,14.954545,120.966691,
H-0073,Nestor Alcantara,"Purok 5, Gov. Padilla Street",Lico,5,2,2,0,09171398921,14.954457,120.971045,
H-0074,Dante Gonzales,"Purok 1, Del Pilar Street",Lico,4,1,2,1,09176928486,14.950237,120.967961,
H-0075,Carmen Alcantara,"Purok 3, Aguinaldo Street",Maasim,2,1,0,1,09173598122,14.995824,120.987843,Single income earner
H-0076,Juan Aquino,"Purok 2, M. Hizon Street",Maasim,2,2,0,0,09178727422,14.997094,120.989276,
H-0077,Marites Flores,"Purok 3, Del Pilar Street",Maasim,8,3,2,0,09172143137,14.997802,120.98806,
H-0078,Rosa Garcia,"Purok 4, Katubusan Street",Maasim,3,0,2,0,09178294021,14.993883,120.985405,
H-0079,Carlos Del Rosario,"Purok 1, Luna Street",Maasim,6,3,0,0,09175054984,14.994885,120.985096,
H-0080,Mario Vergara,"Purok 4, Liberation Street",Maasim,6,3,0,0,09172161530,14.993073,120.989982,
H-0081,Maria Villanueva,"Purok 2, Burgos Street",Maasim,5,0,1,0,09178120525,14.998829,120.990087,
H-0082,Marites Yson,"Purok 5, M. Hizon Street",Mabalas-balas,7,0,2,0,09171821731,14.906743,120.96784,Single income earner
H-0083,Ferdinand Lucero,"Purok 4, Gov. Padilla Street",Mabalas-balas,2,1,1,0,09177403590,14.906527,120.969607,
H-0084,Luzviminda Flores,"Purok 1, Bonifacio Street",Mabalas-balas,8,2,0,1,09176141917,14.910284,120.970404,Single income earner
H-0085,Juan Espino,"Purok 1, Del Pilar Street",Mabalas-balas,7,2,1,0,09179403837,14.909618,120.968116,Elderly resident living alone
H-0086,Mario Tomas,"Purok 3, Bonifacio Street",Mabalas-balas,1,1,0,0,09170294717,14.909517,120.970251,
H-0087,Gloria Ilustre,"Purok 6, Burgos Street",Mabalas-balas,2,1,1,0,09171590885,14.908316,120.967444,
H-0088,Gregorio Cruz,"Purok 5, Mabini Street",Mabalas-balas,6,2,0,0,09172644643,14.910111,120.969183,
H-0089,Carlos Castillo,"Purok 2, Rizal Street",Mabalas-balas,2,1,1,0,09178313563,14.908058,120.971362,
H-0090,Isagani Soriano,"Purok 6, Del Pilar Street",Mabalas-balas,5,2,1,1,09177274906,14.908503,120.967291,
H-0091,Pedro Mendoza,"Purok 5, Quezon Street",Maguinao,3,1,0,0,09176479083,14.935439,120.984331,Two infants in household
H-0092,Marites Buenaventura,"Purok 2, Katubusan Street",Maguinao,5,3,1,0,09177112343,14.936206,120.984808,
H-0093,Mario Flores,"Purok 6, Liberation Street",Maguinao,5,2,2,0,09175002970,14.93817,120.981621,
H-0094,Romeo Mercado,"Purok 5, San Jose Street",Maguinao,3,3,0,0,09172583545,14.933938,120.986839,
H-0095,Lourdes Santianez,"Purok 6, Rizal Street",Maguinao,1,0,0,0,09178716369,14.933753,120.986034,
H-0096,Myra Domingo,"Purok 6, Del Pilar Street",Maguinao,5,2,2,0,09179349818,14.937054,120.986635,
H-0097,Cecilia Castillo,"Purok 4, Aguinaldo Street",Maguinao,4,3,0,0,09171259889,14.934724,120.987451,Elderly resident living alone
H-0098,Fe Magpayo,"Purok 6, Mabini Street",Maronquillo,7,1,2,0,09179760818,14.991017,120.962604,Assisted breathing device
H-0099,Ferdinand Domingo,"Purok 5, San Jose Street",Maronquillo,2,1,0,0,09179184166,14.991052,120.960899,
H-0100,Gloria Vergara,"Purok 5, P. Burgos Street",Maronquillo,6,0,1,0,09170813043,14.990251,120.960866,
H-0101,Liza Flores,"Purok 1, Del Pilar Street",Maronquillo,4,3,0,0,09176087549,14.992761,120.960751,
H-0102,Ana Bautista,"Purok 6, San Jose Street",Maronquillo,6,2,2,0,09173772947,14.988096,120.963945,
H-0103,Fe Bautista,"Purok 5, Aguinaldo Street",Maronquillo,6,2,0,0,09176529314,14.988157,120.960287,
H-0104,Teresa Gonzales,"Purok 3, Gov. Padilla Street",Maronquillo,3,0,1,1,09173186512,14.989717,120.964659,
H-0105,Dante Del Rosario,"Purok 2, San Jose Street",Maronquillo,3,2,1,0,09171451346,14.988494,120.960488,
H-0106,Maria Bautista,"Purok 6, Liberation Street",Paco,6,3,1,0,09170443677,14.919757,120.957119,
H-0107,Liza Tomas,"Purok 6, Jacinto Street",Paco,5,2,0,0,09177965345,14.919281,120.961018,
H-0108,Pedro Santiago,"Purok 2, M. Hizon Street",Paco,4,3,1,0,09175987354,14.921627,120.962487,
H-0109,Maria Mendoza,"Purok 2, Aguinaldo Street",Paco,1,1,0,0,09170351234,14.917715,120.958141,
H-0110,Gloria Buenaventura,"Purok 2, Gov. Padilla Street",Paco,4,2,0,0,09174256656,14.921215,120.960042,
H-0111,Liza Vergara,"Purok 1, Quezon Street",Paco,3,1,1,0,09170865438,14.921105,120.957685,
H-0112,Isagani Castillo,"Purok 1, Mabini Street",Paco,4,3,1,0,09172690965,14.921335,120.957879,Elderly resident living alone
H-0113,Divina Gutierrez,"Purok 5, M. Hizon Street",Paco,6,3,2,0,09171125091,14.921055,120.959339,
H-0114,Gloria Pascual,"Purok 2, P. Burgos Street",Paco,6,1,2,0,09173793889,14.919031,120.957699,
H-0115,Elena Yson,"Purok 3, San Jose Street",Pansumaloc,4,0,1,0,09172279436,14.910264,120.942914,
H-0116,Gregorio Ocampo,"Purok 6, M. Hizon Street",Pansumaloc,6,1,1,0,09175771909,14.911903,120.9446,
H-0117,Andres Tomas,"Purok 5, Gov. Padilla Street",Pansumaloc,4,3,0,0,09171176926,14.915345,120.945253,Single income earner
H-0118,Elena Domingo,"Purok 3, Rizal Street",Pansumaloc,3,2,0,0,09173510283,14.915134,120.947937,
H-0119,Divina Lucero,"Purok 2, Del Pilar Street",Pansumaloc,7,1,2,0,09172274453,14.914855,120.944858,No electricity connection
H-0120,Mario Lucero,"Purok 5, Liberation Street",Pansumaloc,1,1,0,0,09177171246,14.912615,120.943953,
H-0121,Gregorio Gonzales,"Purok 4, San Jose Street",Pansumaloc,5,0,0,0,09179902625,14.911904,120.94631,
H-0122,Liza Mercado,"Purok 1, M. Hizon Street",Pansumaloc,4,1,1,0,09176357654,14.912203,120.945226,
H-0123,Ferdinand Lucero,"Purok 2, Del Pilar Street",Pantubig,6,0,2,0,09175776567,14.969216,120.937992,
H-0124,Cecilia Ramos,"Purok 5, Aguinaldo Street",Pantubig,8,1,0,0,09170213269,14.968789,120.93297,
H-0125,Liza Buenaventura,"Purok 6, Bonifacio Street",Pantubig,4,0,1,0,09175304116,14.966247,120.937278,
H-0126,Benito Ramos,"Purok 2, Mabini Street",Pantubig,5,2,1,1,09171011030,14.969957,120.934826,
H-0127,Gloria Torres,"Purok 3, Katubusan Street",Pantubig,8,2,1,0,09171975919,14.969644,120.932606,
H-0128,Lourdes Santiago,"Purok 3, Quezon Street",Pasong Bangkal,4,2,1,0,09170189106,14.97863,120.952802,Recently relocated from flood-prone area
H-0129,Ramon Santiago,"Purok 6, Rizal Street",Pasong Bangkal,1,0,0,1,09173528496,14.979379,120.955407,
H-0130,Edwin Santiago,"Purok 6, M.H. del Pilar Street",Pasong Bangkal,2,2,0,0,09174598370,14.983212,120.951328,
H-0131,Reynaldo Del Rosario,"Purok 5, Rizal Street",Pasong Bangkal,4,1,2,0,09177136226,14.98249,120.952877,
H-0132,Andres Alcantara,"Purok 2, Aguinaldo Street",Pasong Bangkal,5,3,1,0,09178329777,14.978936,120.954187,
H-0133,Cecilia Magpayo,"Purok 2, Rizal Street",Pasong Bangkal,5,1,2,0,09178538803,14.980144,120.956304,
H-0134,Teresa Reyes,"Purok 2, Quezon Street",Pasong Callos,3,1,2,0,09173637381,14.963389,120.968909,
H-0135,Mercedes Garcia,"Purok 4, Liberation Street",Pasong Callos,6,0,0,0,09173647901,14.966401,120.969068,
H-0136,Andres Santianez,"Purok 6, Katubusan Street",Pasong Callos,3,1,2,0,09173685666,14.965443,120.970641,
H-0137,Marites Ilustre,"Purok 2, M.H. del Pilar Street",Pasong Callos,2,0,1,0,09174760904,14.964522,120.968203,
H-0138,Noli Cruz,"Purok 6, Rizal Street",Pasong Callos,6,3,2,0,09171868979,14.965406,120.972257,
H-0139,Romeo Soriano,"Purok 3, Bonifacio Street",Pasong Callos,1,1,0,0,09171674315,14.965458,120.971928,
H-0140,Mario Flores,"Purok 1, Gov. Padilla Street",Pasong Callos,5,0,2,0,09179422322,14.96694,120.970173,
H-0141,Jonalyn Buenaventura,"Purok 1, M. Hizon Street",Pasong Intsik,5,2,2,0,09170350592,14.966481,120.967851,
H-0142,Luzviminda Salazar,"Purok 4, Luna Street",Pasong Intsik,7,2,1,0,09178014195,14.961971,120.966622,
H-0143,Reynaldo Castillo,"Purok 1, Mabini Street",Pasong Intsik,2,1,0,0,09179511251,14.964564,120.968134,
H-0144,Maria Santos,"Purok 5, Del Pilar Street",Pasong Intsik,4,0,2,0,09179715571,14.961749,120.963753,
H-0145,Divina Cruz,"Purok 2, Bonifacio Street",Pasong Intsik,1,1,0,0,09175804504,14.967024,120.966408,
H-0146,Edwin Santiago,"Purok 6, M. Hizon Street",Pasong Intsik,6,2,1,0,09174488317,14.966939,120.969197,
H-0147,Reynaldo Ramos,"Purok 2, P. Burgos Street",Pinacpinacan,1,0,1,0,09175415349,14.952195,120.976751,
H-0148,Lourdes Castillo,"Purok 2, Quezon Street",Pinacpinacan,6,2,2,0,09172392786,14.948224,120.974785,
H-0149,Divina Mendoza,"Purok 4, Rizal Street",Pinacpinacan,8,3,0,0,09170764221,14.952923,120.974384,
H-0150,Rosa Yson,"Purok 3, P. Burgos Street",Pinacpinacan,3,2,1,0,09174456953,14.948629,120.973379,
H-0151,Gloria Flores,"Purok 3, Jacinto Street",Pinacpinacan,4,3,0,0,09170091141,14.952872,120.973596,
H-0152,Romeo Garcia,"Purok 3, Del Pilar Street",Pinacpinacan,4,3,0,0,09171408938,14.948911,120.971569,
H-0153,Imelda Mercado,"Purok 6, Del Pilar Street",Pinacpinacan,2,1,1,0,09171516200,14.950218,120.973722,
H-0154,Benito Ong,"Purok 3, Mabini Street",Pinacpinacan,4,3,1,0,09176443530,14.949674,120.975086,
H-0155,Maria Santos,"Purok 3, M.H. del Pilar Street",Poblacion,4,0,1,0,09175749470,14.956498,120.964137,
H-0156,Ana Tomas,"Purok 3, Luna Street",Poblacion,8,2,2,0,09177410682,14.957668,120.961218,
H-0157,Reynaldo Salazar,"Purok 1, P. Burgos Street",Poblacion,7,2,1,0,09171459167,14.954655,120.963776,
H-0158,Ramon Flores,"Purok 2, Burgos Street",Poblacion,1,0,0,0,09178726282,14.955752,120.960113,Recently relocated from flood-prone area
H-0159,Maria Lucero,"Purok 5, P. Burgos Street",Poblacion,5,3,2,0,09172481331,14.955952,120.962251,Two infants in household
H-0160,Rosa Aquino,"Purok 4, Del Pilar Street",Poblacion,4,2,2,0,09173016621,14.957344,120.961467,Single income earner
H-0161,Marites Cruz,"Purok 2, Del Pilar Street",Poblacion,2,2,0,0,09174998619,14.954213,120.961079,
H-0162,Maria Castillo,"Purok 4, Luna Street",Pulo,4,1,0,0,09175523102,14.940203,120.969094,Pregnant member
H-0163,Carmen Villanueva,"Purok 3, Burgos Street",Pulo,3,2,1,0,09171585928,14.940111,120.968417,
H-0164,Marites Vergara,"Purok 5, Jacinto Street",Pulo,4,0,1,0,09171102075,14.937366,120.965567,
H-0165,Antonio Alcantara,"Purok 3, Liberation Street",Pulo,5,3,0,0,09176310742,14.941411,120.968336,
H-0166,Mario Santianez,"Purok 2, Luna Street",Pulo,6,1,0,1,09179800470,14.937467,120.966491,Two infants in household
H-0167,Luzviminda Ramos,"Purok 5, San Jose Street",Pulo,5,3,2,0,09174352380,14.937201,120.967377,
H-0168,Lourdes Pascual,"Purok 4, Mabini Street",Pulong Bayabas,7,0,1,0,09170834237,14.926118,120.976923,
H-0169,Carmen Cruz,"Purok 4, Bonifacio Street",Pulong Bayabas,1,1,0,0,09170157026,14.92762,120.975846,Needs wheelchair access
H-0170,Gregorio Serrano,"Purok 2, Katubusan Street",Pulong Bayabas,3,2,0,0,09171837955,14.926269,120.978304,
H-0171,Andres Ramos,"Purok 6, Luna Street",Pulong Bayabas,3,0,0,0,09171360951,14.923768,120.978685,
H-0172,Nestor Del Rosario,"Purok 4, M.H. del Pilar Street",Pulong Bayabas,4,2,1,0,09174765205,14.927012,120.980652,
H-0173,Ramon Manalo,"Purok 1, Jacinto Street",Salapongan,4,3,1,0,09170537969,14.948333,120.977834,
H-0174,Gregorio Alcantara,"Purok 6, Aguinaldo Street",Salapongan,4,3,1,0,09170710428,14.953728,120.982217,
H-0175,Nestor Navarro,"Purok 5, Luna Street",Salapongan,3,0,2,0,09172569683,14.953668,120.982418,
H-0176,Ferdinand Tomas,"Purok 1, Mabini Street",Salapongan,7,0,1,0,09173872411,14.953951,120.978337,
H-0177,Jonalyn Vergara,"Purok 5, Jacinto Street",Salapongan,8,3,2,0,09175636743,14.949444,120.979973,
H-0178,Carlos Serrano,"Purok 5, Bonifacio Street",Salapongan,6,0,2,0,09171683437,14.949881,120.982215,
H-0179,Riza Garcia,"Purok 4, M. Hizon Street",Salapongan,4,3,1,0,09173998346,14.948166,120.97855,
H-0180,Corazon Buenaventura,"Purok 2, Katubusan Street",Sampaloc,6,0,0,0,09176393031,14.965808,120.960249,
H-0181,Edwin Ong,"Purok 1, Quezon Street",Sampaloc,8,0,2,0,09170681742,14.966617,120.960859,
H-0182,Jonalyn Mercado,"Purok 4, Aguinaldo Street",Sampaloc,6,3,2,0,09172849819,14.966749,120.956263,
H-0183,Romeo Reyes,"Purok 6, Bonifacio Street",Sampaloc,4,3,1,0,09171156567,14.965331,120.960145,
H-0184,Nestor Bautista,"Purok 3, M.H. del Pilar Street",Sampaloc,8,2,0,0,09174905608,14.966663,120.959078,
H-0185,Divina Torres,"Purok 5, Burgos Street",Sampaloc,2,2,0,0,09173812631,14.963174,120.959774,
H-0186,Imelda Alcantara,"Purok 4, Bonifacio Street",Sampaloc,6,3,0,1,09178430967,14.96539,120.961172,
H-0187,Maria Ong,"Purok 5, Liberation Street",San Agustin,3,2,1,0,09172367264,14.940931,120.991315,
H-0188,Carmen Bautista,"Purok 3, Quezon Street",San Agustin,4,1,2,0,09179493410,14.942747,120.988229,
H-0189,Ramon Gutierrez,"Purok 1, P. Burgos Street",San Agustin,3,1,2,0,09178484563,14.942064,120.990035,
H-0190,Miguel Bautista,"Purok 3, Del Pilar Street",San Agustin,3,2,0,0,09178853947,14.944624,120.992588,
H-0191,Mercedes Vergara,"Purok 1, Bonifacio Street",San Agustin,7,1,2,0,09179225883,14.939066,120.990175,
H-0192,Imelda Navarro,"Purok 2, San Jose Street",San Agustin,5,2,2,0,09176164581,14.944465,120.991385,
H-0193,Reynaldo Soriano,"Purok 1, Liberation Street",San Agustin,4,0,1,0,09173161249,14.944285,120.988797,Single income earner
H-0194,Fe Buenaventura,"Purok 3, P. Burgos Street",San Agustin,1,1,0,0,09176593585,14.941284,120.991782,
H-0195,Mario Santiago,"Purok 6, Liberation Street",San Agustin,6,2,1,0,09177919113,14.940602,120.992868,
H-0196,Benito Soriano,"Purok 1, Burgos Street",San Roque,3,2,1,0,09175237958,14.970042,120.976633,
H-0197,Andres Serrano,"Purok 1, Quezon Street",San Roque,2,1,0,0,09178668703,14.970757,120.980744,Needs wheelchair access
H-0198,Gregorio Ilustre,"Purok 6, San Jose Street",San Roque,6,3,0,1,09175575886,14.972011,120.975066,
H-0199,Ana Ramos,"Purok 1, San Jose Street",San Roque,4,1,1,0,09176688222,14.970641,120.978703,Recently relocated from flood-prone area
H-0200,Fe Flores,"Purok 6, Jacinto Street",San Roque,7,3,0,0,09176903787,14.970864,120.976417,
H-0201,Benito Torres,"Purok 2, Luna Street",San Roque,3,1,1,0,09174858756,14.972484,120.977226,
H-0202,Liza Flores,"Purok 3, Rizal Street",San Roque,1,1,0,0,09172801412,14.972707,120.976778,
H-0203,Antonio Magpayo,"Purok 4, Jacinto Street",San Roque,4,2,0,0,09172450954,14.97137,120.97779,No electricity connection
H-0204,Carlos Magpayo,"Purok 3, P. Burgos Street",Talacsan,6,3,2,0,09170001926,14.987633,120.937529,
H-0205,Carmen Marquez,"Purok 4, Jacinto Street",Talacsan,3,1,1,1,09177664746,14.986713,120.942193,
H-0206,Nestor Espino,"Purok 6, San Jose Street",Talacsan,5,1,1,1,09177499778,14.983479,120.937579,
H-0207,Jose Soriano,"Purok 6, Del Pilar Street",Talacsan,5,0,1,0,09171728668,14.987882,120.938861,
H-0208,Nestor Gutierrez,"Purok 1, Aguinaldo Street",Talacsan,4,1,0,0,09177130947,14.98679,120.939771,
H-0209,Riza Torres,"Purok 5, Liberation Street",Talacsan,5,3,1,0,09174741484,14.985366,120.939051,
H-0210,Liza Del Rosario,"Purok 5, Del Pilar Street",Talacsan,3,0,1,1,09173023366,14.984521,120.93922,
H-0211,Rogelio Espino,"Purok 1, Luna Street",Talacsan,3,2,0,0,09176538538,14.983001,120.94212,Recently relocated from flood-prone area
H-0212,Rogelio Lucero,"Purok 5, P. Burgos Street",Tambubong,8,2,0,0,09176554661,14.939083,120.9532,
H-0213,Imelda Marquez,"Purok 2, Luna Street",Tambubong,4,0,0,0,09177838450,14.935583,120.949664,
H-0214,Elena Cruz,"Purok 2, Bonifacio Street",Tambubong,4,1,0,0,09173441137,14.935142,120.949508,
H-0215,Romeo Flores,"Purok 4, Gov. Padilla Street",Tambubong,8,0,1,0,09176981697,14.936124,120.952189,
H-0216,Elena Aquino,"Purok 6, Bonifacio Street",Tambubong,3,3,0,0,09173041083,14.937524,120.949057,
H-0217,Divina Pascual,"Purok 3, Gov. Padilla Street",Tambubong,5,2,0,0,09174403420,14.934906,120.950035,
H-0218,Mercedes Del Rosario,"Purok 5, Rizal Street",Tambubong,4,2,1,0,09174029485,14.939432,120.951172,
H-0219,Antonio Salazar,"Purok 5, Katubusan Street",Tambubong,2,0,0,0,09170847634,14.937605,120.953338,
H-0220,Edwin Alcantara,"Purok 4, Liberation Street",Tukod,2,1,1,0,09173487143,14.947232,120.939219,
H-0221,Ramon Reyes,"Purok 1, M.H. del Pilar Street",Tukod,5,3,1,0,09177741889,14.94656,120.942194,Single income earner
H-0222,Jose Espino,"Purok 1, M.H. del Pilar Street",Tukod,4,1,0,0,09177686592,14.948025,120.942395,
H-0223,Isagani Torres,"Purok 3, Rizal Street",Tukod,6,3,1,0,09170415307,14.948388,120.937648,
H-0224,Ana Castillo,"Purok 1, Luna Street",Tukod,2,0,1,1,09176255045,14.945764,120.93743,
H-0225,Juan Torres,"Purok 1, Gov. Padilla Street",Tukod,6,2,0,0,09170140014,14.946936,120.942723,
H-0226,Ferdinand Cruz,"Purok 6, Jacinto Street",Ulingao,7,3,0,0,09172392714,14.988538,120.971194,
H-0227,Marites Santos,"Purok 1, Katubusan Street",Ulingao,4,1,2,0,09179950392,14.988658,120.973583,
H-0228,Imelda Ong,"Purok 6, Luna Street",Ulingao,7,3,0,0,09173467751,14.987037,120.971213,
H-0229,Romeo Soriano,"Purok 6, M.H. del Pilar Street",Ulingao,3,2,0,0,09174869858,14.986152,120.970265,
H-0230,Ana Reyes,"Purok 2, Bonifacio Street",Ulingao,5,0,2,1,09177249842,14.986639,120.971148,Recently relocated from flood-prone area
H-0231,Pedro Soriano,"Purok 5, P. Burgos Street",Ulingao,5,2,2,0,09177693850,14.985197,120.96978,
H-0232,Carlos Ong,"Purok 6, Jacinto Street",Ulingao,5,1,2,0,09175365369,14.989538,120.973126,
H-0233,Mercedes Marquez,"Purok 3, Rizal Street",Sapang Pahalang,4,3,0,0,09170250013,14.915532,120.986023,
H-0234,Carmen Soriano,"Purok 1, San Jose Street",Sapang Pahalang,5,3,2,0,09171253428,14.913235,120.989018,
H-0235,Benito Mercado,"Purok 3, M. Hizon Street",Sapang Pahalang,5,0,0,0,09174636622,14.914767,120.990501,
H-0236,Elena Torres,"Purok 5, Luna Street",Sapang Pahalang,5,0,0,0,09171248836,14.914769,120.990189,Assisted breathing device
H-0237,Liza Marquez,"Purok 2, Mabini Street",Sapang Pahalang,5,0,1,0,09171700769,14.917898,120.990805,
H-0238,Edwin Salazar,"Purok 4, Quezon Street",Sapang Pahalang,5,0,1,0,09179494441,14.914276,120.986722,
H-0239,Myra Manalo,"Purok 2, Burgos Street",Sapang Pahalang,6,3,0,0,09177492252,14.917263,120.987012,
H-0240,Jonalyn Bautista,"Purok 3, Mabini Street",Sapang Pahalang,5,2,0,0,09174509729,14.915483,120.989043,
